average_systolic_pressure (mmHg),average_diastolic_pressure (mmHg),systolic_peaks (mmHg),systolic_peak_times,diastolic_troughs (mmHg),diastolic_trough_times,dicrotic_notches (mmHg),dicrotic_notch_times,MAP (mmHg),average_MAP (mmHg),systole_duration (s),average_systole_duration (s),diastole_duration (s),average_diastole_duration (s),compression_rate,average_compression_rate (compressions/min),pulse_pressure (mmHg),average_pulse_pressure (mmHg),hypogravity_parabola
52.72486496333333,28.02163163,58.28103163,2023-08-04 16:16:43.542,26.64703163,2023-08-04 16:16:43.030,53.12303163,2023-08-04 16:16:43.558,36.78436496333333,36.294158066781605,0.528,0.30826666666666663,0.248,0.2697931034482759,0.632,105.3268765133172,31.634,24.703233333333337,1
,,53.71103163,2023-08-04 16:16:44.174,26.03603163,2023-08-04 16:16:43.806,45.56603163,2023-08-04 16:16:44.190,35.89436496333333,,0.384,,0.2,,0.576,,27.675,,1
,,53.49903163,2023-08-04 16:16:44.750,26.98603163,2023-08-04 16:16:44.390,45.55703163,2023-08-04 16:16:44.774,36.29169829666667,,0.384,,0.208,,0.584,,26.513,,1
,,53.77103163,2023-08-04 16:16:45.334,27.68803163,2023-08-04 16:16:44.982,47.72103163,2023-08-04 16:16:45.350,36.90903163,,0.368,,0.208,,0.576,,26.083,,1
,,53.80203163,2023-08-04 16:16:45.910,28.47803163,2023-08-04 16:16:45.558,48.06003163,2023-08-04 16:16:45.934,36.88469829666667,,0.376,,0.312,,0.576,,25.324,,1
,,53.57003163,2023-08-04 16:16:46.486,28.42603163,2023-08-04 16:16:46.246,47.98603163,2023-08-04 16:16:46.502,36.630698296666665,,0.256,,0.32,,0.56,,25.144,,1
,,52.50103163,2023-08-04 16:16:47.046,28.16103163,2023-08-04 16:16:46.822,46.73703163,2023-08-04 16:16:47.078,36.020364963333336,,0.256,,0.2,,0.584,,24.34,,1
,,52.09403163,2023-08-04 16:16:47.630,27.78003163,2023-08-04 16:16:47.278,46.42603163,2023-08-04 16:16:47.654,35.78936496333333,,0.376,,0.312,,0.552,,24.314000000000004,,1
,,52.17503163,2023-08-04 16:16:48.182,27.63703163,2023-08-04 16:16:47.966,46.19803163,2023-08-04 16:16:48.222,35.853698296666664,,0.256,,0.2,,0.568,,24.538,,1
,,51.94103163,2023-08-04 16:16:48.750,27.69303163,2023-08-04 16:16:48.422,46.77603163,2023-08-04 16:16:48.798,36.05636496333333,,0.376,,0.312,,0.568,,24.248,,1
,,52.17903163,2023-08-04 16:16:49.318,28.11403163,2023-08-04 16:16:49.110,46.02103163,2023-08-04 16:16:49.366,36.203698296666666,,0.256,,0.312,,0.576,,24.065,,1
,,52.27503163,2023-08-04 16:16:49.894,28.21603163,2023-08-04 16:16:49.678,45.41803163,2023-08-04 16:16:49.934,36.21769829666667,,0.256,,0.2,,0.568,,24.059,,1
,,52.65103163,2023-08-04 16:16:50.462,28.18903163,2023-08-04 16:16:50.134,45.31103163,2023-08-04 16:16:50.502,36.26969829666666,,0.368,,0.312,,0.56,,24.462,,1
,,52.16203163,2023-08-04 16:16:51.022,28.07903163,2023-08-04 16:16:50.814,44.26103163,2023-08-04 16:16:51.070,36.07203163,,0.256,,0.312,,0.568,,24.083,,1
,,52.86603163,2023-08-04 16:16:51.590,28.02703163,2023-08-04 16:16:51.382,44.65703163,2023-08-04 16:16:51.638,36.47336496333333,,0.256,,0.312,,0.568,,24.839,,1
,,52.88203163,2023-08-04 16:16:52.158,28.27703163,2023-08-04 16:16:51.950,44.00703163,2023-08-04 16:16:52.206,36.58003162999999,,0.256,,0.296,,0.568,,24.605,,1
,,52.37603163,2023-08-04 16:16:52.726,28.42903163,2023-08-04 16:16:52.502,44.76903163,2023-08-04 16:16:52.766,36.26136496333333,,0.264,,0.296,,0.568,,23.947,,1
,,51.98503163,2023-08-04 16:16:53.294,28.20403163,2023-08-04 16:16:53.062,43.93503163,2023-08-04 16:16:53.334,36.17836496333333,,0.272,,0.312,,0.56,,23.781,,1
,,51.97403163,2023-08-04 16:16:53.854,28.27503163,2023-08-04 16:16:53.646,43.22503163,2023-08-04 16:16:53.902,36.23669829666666,,0.256,,0.312,,0.568,,23.699,,1
,,52.02303163,2023-08-04 16:16:54.422,28.36803163,2023-08-04 16:16:54.214,43.61803163,2023-08-04 16:16:54.470,36.22769829666667,,0.256,,0.28,,0.568,,23.655,,1
,,52.74203163,2023-08-04 16:16:54.990,28.33003163,2023-08-04 16:16:54.750,44.01003163,2023-08-04 16:16:55.030,36.470031629999994,,0.28,,0.312,,0.56,,24.412,,1
,,51.89303163,2023-08-04 16:16:55.550,28.33403163,2023-08-04 16:16:55.342,43.11103163,2023-08-04 16:16:55.598,36.17703163,,0.256,,0.232,,0.568,,23.559000000000005,,1
,,52.10503163,2023-08-04 16:16:56.118,28.31903163,2023-08-04 16:16:55.830,44.10503163,2023-08-04 16:16:56.158,36.14103163,,0.328,,0.32,,0.568,,23.786,,1
,,52.49503163,2023-08-04 16:16:56.686,28.15903163,2023-08-04 16:16:56.478,43.62403163,2023-08-04 16:16:56.726,36.33703163,,0.248,,0.2,,0.56,,24.336,,1
,,52.11503163,2023-08-04 16:16:57.246,28.25803163,2023-08-04 16:16:56.926,43.70003163,2023-08-04 16:16:57.294,36.24769829666666,,0.368,,0.2,,0.568,,23.857,,1
,,51.87503163,2023-08-04 16:16:57.814,28.31403163,2023-08-04 16:16:57.494,43.06903163,2023-08-04 16:16:57.854,36.22703163,,0.36,,0.312,,0.56,,23.561000000000003,,1
,,52.69703163,2023-08-04 16:16:58.374,28.40303163,2023-08-04 16:16:58.166,43.65603163,2023-08-04 16:16:58.422,36.42036496333333,,0.256,,0.232,,0.56,,24.294,,1
,,52.24203163,2023-08-04 16:16:58.934,28.28203163,2023-08-04 16:16:58.654,43.39403163,2023-08-04 16:16:58.982,36.34136496333333,,0.328,,0.312,,0.568,,23.96,,1
,,52.70503163,2023-08-04 16:16:59.502,28.39103163,2023-08-04 16:16:59.294,43.45703163,2023-08-04 16:16:59.542,36.33369829666667,,0.248,,0.24,,0.56,,24.314,,1
,,52.15803163,2023-08-04 16:17:00.062,28.14803163,2023-08-04 16:16:59.782,43.91103163,2023-08-04 16:17:00.102,,,0.32,,,,,,24.010000000000005,,1
49.20057708454545,26.622001326969695,47.07103163,2023-08-04 16:27:08.958,25.77003163,2023-08-04 16:27:08.710,39.47603163,2023-08-04 16:27:08.974,32.39036496333333,34.170927463333335,0.264,0.3001212121212121,0.328,0.26525,0.552,106.05391073795846,21.301,22.57857575757576,2
,,47.44303163,2023-08-04 16:27:09.510,25.05003163,2023-08-04 16:27:09.302,39.53903163,2023-08-04 16:27:09.558,32.47103163,,0.256,,0.224,,0.568,,22.393,,2
,,47.48003163,2023-08-04 16:27:10.078,24.98503163,2023-08-04 16:27:09.782,40.32103163,2023-08-04 16:27:10.126,32.57669829666666,,0.344,,0.232,,0.576,,22.495,,2
,,47.68303163,2023-08-04 16:27:10.654,25.12503163,2023-08-04 16:27:10.358,39.78803163,2023-08-04 16:27:10.702,33.04103163,,0.344,,0.224,,0.576,,22.558000000000003,,2
,,47.91103163,2023-08-04 16:27:11.230,25.72003163,2023-08-04 16:27:10.926,40.15503163,2023-08-04 16:27:11.278,33.535698296666666,,0.352,,0.224,,0.576,,22.190999999999995,,2
,,49.22103163,2023-08-04 16:27:11.806,26.34803163,2023-08-04 16:27:11.502,41.10703163,2023-08-04 16:27:11.846,34.411698296666664,,0.344,,0.224,,0.568,,22.873,,2
,,49.30403163,2023-08-04 16:27:12.374,27.00703163,2023-08-04 16:27:12.070,41.34803163,2023-08-04 16:27:12.422,34.65669829666666,,0.352,,0.216,,0.568,,22.297,,2
,,49.34303163,2023-08-04 16:27:12.942,27.33303163,2023-08-04 16:27:12.638,40.99603163,2023-08-04 16:27:12.990,34.70969829666666,,0.352,,0.224,,0.568,,22.01,,2
,,49.33903163,2023-08-04 16:27:13.510,27.39303163,2023-08-04 16:27:13.214,40.88603163,2023-08-04 16:27:13.558,34.25036496333333,,0.344,,0.224,,0.576,,21.946,,2
,,48.87303163,2023-08-04 16:27:14.086,26.70603163,2023-08-04 16:27:13.782,40.41603163,2023-08-04 16:27:14.126,34.026364963333336,,0.344,,0.28,,0.568,,22.167,,2
,,49.33303163,2023-08-04 16:27:14.654,26.60303163,2023-08-04 16:27:14.406,40.18203163,2023-08-04 16:27:14.694,34.271031629999996,,0.288,,0.32,,0.56,,22.73,,2
,,52.60103163,2023-08-04 16:27:15.214,26.74003163,2023-08-04 16:27:15.014,38.56103163,2023-08-04 16:27:15.262,35.247031629999995,,0.248,,0.312,,0.568,,25.861,,2
,,53.06703163,2023-08-04 16:27:15.782,26.57003163,2023-08-04 16:27:15.574,40.80403163,2023-08-04 16:27:15.830,35.58703163,,0.256,,0.32,,0.568,,26.497000000000003,,2
,,48.41603163,2023-08-04 16:27:16.350,26.84703163,2023-08-04 16:27:16.150,40.08003163,2023-08-04 16:27:16.398,34.10269829666666,,0.248,,0.232,,0.568,,21.569,,2
,,48.94003163,2023-08-04 16:27:16.918,26.94603163,2023-08-04 16:27:16.630,39.83703163,2023-08-04 16:27:16.958,34.27203163,,0.328,,0.304,,0.56,,21.994,,2
,,52.16003163,2023-08-04 16:27:17.478,26.93803163,2023-08-04 16:27:17.262,38.89703163,2023-08-04 16:27:17.526,34.93803163,,0.264,,0.32,,0.576,,25.222,,2
,,50.97203163,2023-08-04 16:27:18.054,26.32703163,2023-08-04 16:27:17.846,41.34203163,2023-08-04 16:27:18.094,34.54469829666667,,0.248,,0.304,,0.56,,24.645,,2
,,49.78803163,2023-08-04 16:27:18.614,26.33103163,2023-08-04 16:27:18.398,40.01203163,2023-08-04 16:27:18.662,34.45269829666667,,0.264,,0.304,,0.568,,23.457,,2
,,49.60403163,2023-08-04 16:27:19.182,26.78503163,2023-08-04 16:27:18.966,39.02203163,2023-08-04 16:27:19.222,34.44736496333333,,0.256,,0.304,,0.56,,22.819000000000003,,2
,,49.41203163,2023-08-04 16:27:19.742,26.86903163,2023-08-04 16:27:19.526,39.73603163,2023-08-04 16:27:19.790,34.41203163,,0.264,,0.224,,0.568,,22.543000000000003,,2
,,48.62103163,2023-08-04 16:27:20.310,26.91203163,2023-08-04 16:27:20.014,39.55403163,2023-08-04 16:27:20.350,34.241031629999995,,0.336,,0.224,,0.56,,21.709,,2
,,48.50103163,2023-08-04 16:27:20.870,27.05103163,2023-08-04 16:27:20.574,41.28103163,2023-08-04 16:27:20.918,34.02303163,,0.344,,0.288,,0.56,,21.45,,2
,,48.65603163,2023-08-04 16:27:21.430,26.78403163,2023-08-04 16:27:21.206,39.52403163,2023-08-04 16:27:21.478,34.24469829666667,,0.272,,0.224,,0.568,,21.872,,2
,,48.67803163,2023-08-04 16:27:21.998,27.03903163,2023-08-04 16:27:21.702,41.00503163,2023-08-04 16:27:22.038,34.26936496333333,,0.336,,0.232,,0.56,,21.639,,2
,,48.72303163,2023-08-04 16:27:22.558,27.06503163,2023-08-04 16:27:22.270,39.83703163,2023-08-04 16:27:22.606,34.29169829666667,,0.336,,0.232,,0.56,,21.658,,2
,,48.36203163,2023-08-04 16:27:23.118,27.07603163,2023-08-04 16:27:22.838,40.19803163,2023-08-04 16:27:23.166,34.12936496333333,,0.328,,0.232,,0.568,,21.286,,2
,,49.57603163,2023-08-04 16:27:23.686,27.01303163,2023-08-04 16:27:23.398,39.62903163,2023-08-04 16:27:23.734,34.50469829666667,,0.336,,0.224,,0.568,,22.563,,2
,,49.47303163,2023-08-04 16:27:24.254,26.96903163,2023-08-04 16:27:23.958,39.55603163,2023-08-04 16:27:24.294,34.40903163,,0.336,,0.312,,0.56,,22.504,,2
,,49.14403163,2023-08-04 16:27:24.814,26.87703163,2023-08-04 16:27:24.606,39.77703163,2023-08-04 16:27:24.854,34.19803163,,0.248,,0.312,,0.56,,22.267,,2
,,49.31303163,2023-08-04 16:27:25.374,26.72503163,2023-08-04 16:27:25.166,40.69403163,2023-08-04 16:27:25.422,34.357031629999994,,0.256,,0.288,,0.56,,22.588,,2
,,49.25203163,2023-08-04 16:27:25.934,26.87903163,2023-08-04 16:27:25.710,40.07903163,2023-08-04 16:27:25.982,34.32203163,,0.272,,0.288,,0.568,,22.373,,2
,,48.63603163,2023-08-04 16:27:26.502,26.85703163,2023-08-04 16:27:26.270,40.52603163,2023-08-04 16:27:26.542,34.13536496333333,,0.272,,0.288,,0.56,,21.779,,2
,,48.72203163,2023-08-04 16:27:27.062,26.88503163,2023-08-04 16:27:26.830,41.20803163,2023-08-04 16:27:27.102,,,0.272,,,,,,21.837,,2
46.88451550096774,24.784838081612897,48.96603163,2023-08-04 16:41:08.502,22.93503163,2023-08-04 16:41:08.286,38.73503163,2023-08-04 16:41:08.550,30.948698296666667,32.19089829666667,0.264,0.3024516129032259,0.32,0.2637333333333334,0.608,105.73308270676694,26.031,22.099677419354844,3
,,47.01303163,2023-08-04 16:41:09.110,21.94003163,2023-08-04 16:41:08.870,39.51103163,2023-08-04 16:41:09.134,30.292364963333334,,0.264,,0.312,,0.544,,25.073,,3
,,44.40203163,2023-08-04 16:41:09.654,21.93203163,2023-08-04 16:41:09.446,35.37103163,2023-08-04 16:41:09.710,30.050698296666667,,0.264,,0.312,,0.584,,22.47,,3
,,44.97303163,2023-08-04 16:41:10.238,22.87503163,2023-08-04 16:41:10.022,37.14403163,2023-08-04 16:41:10.286,30.64303163,,0.264,,0.32,,0.568,,22.098000000000003,,3
,,46.37603163,2023-08-04 16:41:10.806,23.47803163,2023-08-04 16:41:10.606,37.26703163,2023-08-04 16:41:10.854,31.46536496333333,,0.248,,0.32,,0.576,,22.898,,3
,,45.37803163,2023-08-04 16:41:11.382,24.01003163,2023-08-04 16:41:11.174,37.87903163,2023-08-04 16:41:11.430,31.52603163,,0.256,,0.312,,0.576,,21.368,,3
,,46.19103163,2023-08-04 16:41:11.958,24.60003163,2023-08-04 16:41:11.742,38.80403163,2023-08-04 16:41:12.006,32.04969829666666,,0.264,,0.312,,0.568,,21.591,,3
,,47.88803163,2023-08-04 16:41:12.526,24.97903163,2023-08-04 16:41:12.318,38.39603163,2023-08-04 16:41:12.574,33.05136496333333,,0.256,,0.224,,0.576,,22.909,,3
,,49.91203163,2023-08-04 16:41:13.102,25.63303163,2023-08-04 16:41:12.798,37.89403163,2023-08-04 16:41:13.142,33.652031629999996,,0.344,,0.28,,0.568,,24.279,,3
,,46.68303163,2023-08-04 16:41:13.670,25.52203163,2023-08-04 16:41:13.422,38.96303163,2023-08-04 16:41:13.710,32.20036496333333,,0.288,,0.32,,0.56,,21.161,,3
,,47.07303163,2023-08-04 16:41:14.230,24.95903163,2023-08-04 16:41:14.030,38.31603163,2023-08-04 16:41:14.278,32.21636496333333,,0.248,,0.224,,0.576,,22.114000000000004,,3
,,46.55803163,2023-08-04 16:41:14.806,24.78803163,2023-08-04 16:41:14.502,37.74103163,2023-08-04 16:41:14.846,32.24003163,,0.344,,0.232,,0.56,,21.770000000000003,,3
,,45.74203163,2023-08-04 16:41:15.366,25.08103163,2023-08-04 16:41:15.078,39.30603163,2023-08-04 16:41:15.414,31.85136496333333,,0.336,,0.312,,0.576,,20.661,,3
,,46.42203163,2023-08-04 16:41:15.942,24.90603163,2023-08-04 16:41:15.726,37.12203163,2023-08-04 16:41:15.982,32.23269829666667,,0.256,,0.232,,0.56,,21.516,,3
,,46.39303163,2023-08-04 16:41:16.502,25.13803163,2023-08-04 16:41:16.214,37.24703163,2023-08-04 16:41:16.550,32.25636496333333,,0.336,,0.312,,0.568,,21.255000000000003,,3
,,47.08903163,2023-08-04 16:41:17.070,25.18803163,2023-08-04 16:41:16.862,37.42803163,2023-08-04 16:41:17.118,32.54169829666667,,0.256,,0.224,,0.568,,21.901,,3
,,47.86903163,2023-08-04 16:41:17.638,25.26803163,2023-08-04 16:41:17.342,37.71403163,2023-08-04 16:41:17.678,32.843698296666666,,0.336,,0.312,,0.56,,22.601000000000003,,3
,,47.38603163,2023-08-04 16:41:18.198,25.33103163,2023-08-04 16:41:17.990,36.66803163,2023-08-04 16:41:18.246,32.80603163,,0.256,,0.312,,0.568,,22.055,,3
,,47.03703163,2023-08-04 16:41:18.766,25.51603163,2023-08-04 16:41:18.558,37.19103163,2023-08-04 16:41:18.814,32.55836496333333,,0.256,,0.224,,0.568,,21.521,,3
,,46.75303163,2023-08-04 16:41:19.334,25.31903163,2023-08-04 16:41:19.038,37.17703163,2023-08-04 16:41:19.374,32.49436496333333,,0.336,,0.232,,0.56,,21.434,,3
,,46.90903163,2023-08-04 16:41:19.894,25.36503163,2023-08-04 16:41:19.606,37.00303163,2023-08-04 16:41:19.942,32.45236496333333,,0.336,,0.224,,0.56,,21.544,,3
,,46.81603163,2023-08-04 16:41:20.454,25.22403163,2023-08-04 16:41:20.166,36.80603163,2023-08-04 16:41:20.502,32.55803163,,0.336,,0.224,,0.568,,21.592,,3
,,46.51603163,2023-08-04 16:41:21.022,25.42903163,2023-08-04 16:41:20.726,36.68403163,2023-08-04 16:41:21.070,32.44936496333333,,0.344,,0.224,,0.568,,21.087,,3
,,46.88303163,2023-08-04 16:41:21.590,25.41603163,2023-08-04 16:41:21.294,37.46803163,2023-08-04 16:41:21.630,32.42503162999999,,0.336,,0.232,,0.56,,21.467,,3
,,47.30103163,2023-08-04 16:41:22.150,25.19603163,2023-08-04 16:41:21.862,37.86803163,2023-08-04 16:41:22.198,32.54836496333333,,0.336,,0.224,,0.56,,22.105,,3
,,46.91103163,2023-08-04 16:41:22.710,25.17203163,2023-08-04 16:41:22.422,37.79903163,2023-08-04 16:41:22.758,32.643031629999996,,0.336,,0.232,,0.568,,21.739,,3
,,47.27603163,2023-08-04 16:41:23.278,25.50903163,2023-08-04 16:41:22.990,38.55503163,2023-08-04 16:41:23.326,32.70736496333333,,0.336,,0.224,,0.56,,21.767,,3
,,47.02003163,2023-08-04 16:41:23.838,25.42303163,2023-08-04 16:41:23.550,37.39203163,2023-08-04 16:41:23.886,32.67603163,,0.336,,0.224,,0.568,,21.597,,3
,,47.33403163,2023-08-04 16:41:24.406,25.50403163,2023-08-04 16:41:24.110,38.09003163,2023-08-04 16:41:24.446,32.73336496333333,,0.336,,0.224,,0.56,,21.83,,3
,,47.32003163,2023-08-04 16:41:24.966,25.43303163,2023-08-04 16:41:24.670,38.65203163,2023-08-04 16:41:25.006,32.61336496333333,,0.336,,0.232,,0.56,,21.887000000000004,,3
,,47.02903163,2023-08-04 16:41:25.526,25.26003163,2023-08-04 16:41:25.238,37.81903163,2023-08-04 16:41:25.574,,,0.336,,,,,,21.769,,3
45.44221344818182,23.411789205757575,45.67003163,2023-08-04 16:49:56.070,21.25803163,2023-08-04 16:49:55.854,35.50403163,2023-08-04 16:49:56.118,29.247364963333332,30.79511496333333,0.264,0.3170909090909091,0.312,0.24775,0.576,105.9135039717564,24.411999999999995,22.030424242424242,4
,,45.92403163,2023-08-04 16:49:56.646,21.03603163,2023-08-04 16:49:56.430,32.36403163,2023-08-04 16:49:56.694,29.136698296666665,,0.264,,0.184,,0.584,,24.888,,4
,,45.40903163,2023-08-04 16:49:57.230,20.74303163,2023-08-04 16:49:56.878,35.27603163,2023-08-04 16:49:57.270,28.128364963333333,,0.392,,0.176,,0.568,,24.666,,4
,,49.45403163,2023-08-04 16:49:57.798,19.48803163,2023-08-04 16:49:57.446,38.06903163,2023-08-04 16:49:57.846,30.31803163,,0.4,,0.152,,0.576,,29.966000000000005,,4
,,47.68603163,2023-08-04 16:49:58.374,20.75003163,2023-08-04 16:49:57.998,39.02603163,2023-08-04 16:49:58.414,30.358698296666667,,0.416,,0.152,,0.568,,26.936000000000003,,4
,,45.93403163,2023-08-04 16:49:58.942,21.69503163,2023-08-04 16:49:58.566,37.75103163,2023-08-04 16:49:58.990,30.21403163,,0.424,,0.296,,0.568,,24.239,,4
,,43.49803163,2023-08-04 16:49:59.510,22.35403163,2023-08-04 16:49:59.286,36.74503163,2023-08-04 16:49:59.558,30.024698296666664,,0.272,,0.312,,0.576,,21.144,,4
,,45.57603163,2023-08-04 16:50:00.086,23.28803163,2023-08-04 16:49:59.870,36.73903163,2023-08-04 16:50:00.134,30.986698296666667,,0.264,,0.224,,0.568,,22.288000000000004,,4
,,45.87403163,2023-08-04 16:50:00.654,23.69203163,2023-08-04 16:50:00.358,37.09203163,2023-08-04 16:50:00.702,31.24936496333333,,0.344,,0.224,,0.568,,22.182,,4
,,46.43003163,2023-08-04 16:50:01.222,23.93703163,2023-08-04 16:50:00.926,36.43503163,2023-08-04 16:50:01.270,31.46136496333333,,0.344,,0.224,,0.568,,22.493,,4
,,45.59703163,2023-08-04 16:50:01.790,23.97703163,2023-08-04 16:50:01.494,36.26103163,2023-08-04 16:50:01.838,31.15436496333333,,0.344,,0.312,,0.568,,21.62,,4
,,44.67403163,2023-08-04 16:50:02.358,23.93303163,2023-08-04 16:50:02.150,36.18303163,2023-08-04 16:50:02.406,30.66203163,,0.256,,0.312,,0.568,,20.741000000000003,,4
,,44.83503163,2023-08-04 16:50:02.926,23.65603163,2023-08-04 16:50:02.718,36.17403163,2023-08-04 16:50:02.974,30.818364963333334,,0.256,,0.312,,0.568,,21.179,,4
,,45.22603163,2023-08-04 16:50:03.494,23.81003163,2023-08-04 16:50:03.286,35.88003163,2023-08-04 16:50:03.534,31.054031629999997,,0.248,,0.296,,0.568,,21.416,,4
,,45.31003163,2023-08-04 16:50:04.062,23.96803163,2023-08-04 16:50:03.830,35.48403163,2023-08-04 16:50:04.102,31.160698296666666,,0.272,,0.304,,0.56,,21.342,,4
,,44.98703163,2023-08-04 16:50:04.622,24.08603163,2023-08-04 16:50:04.406,35.47103163,2023-08-04 16:50:04.670,31.042364963333327,,0.264,,0.312,,0.568,,20.901,,4
,,45.36603163,2023-08-04 16:50:05.190,24.07003163,2023-08-04 16:50:04.982,35.79903163,2023-08-04 16:50:05.230,31.126698296666667,,0.248,,0.232,,0.56,,21.296000000000003,,4
,,44.29503163,2023-08-04 16:50:05.750,24.00703163,2023-08-04 16:50:05.462,34.44903163,2023-08-04 16:50:05.798,30.90103163,,0.336,,0.312,,0.568,,20.288,,4
,,45.24103163,2023-08-04 16:50:06.318,24.20403163,2023-08-04 16:50:06.110,35.44703163,2023-08-04 16:50:06.366,31.28303163,,0.256,,0.224,,0.56,,21.037000000000003,,4
,,43.40203163,2023-08-04 16:50:06.878,24.30403163,2023-08-04 16:50:06.590,34.27803163,2023-08-04 16:50:06.926,30.497364963333332,,0.336,,0.232,,0.568,,19.098000000000003,,4
,,46.47703163,2023-08-04 16:50:07.446,24.04503163,2023-08-04 16:50:07.158,34.91403163,2023-08-04 16:50:07.494,31.689698296666666,,0.336,,0.224,,0.56,,22.432,,4
,,44.78403163,2023-08-04 16:50:08.006,24.29603163,2023-08-04 16:50:07.718,34.52803163,2023-08-04 16:50:08.054,31.08403163,,0.336,,0.232,,0.568,,20.488,,4
,,45.21703163,2023-08-04 16:50:08.574,24.23403163,2023-08-04 16:50:08.286,35.55903163,2023-08-04 16:50:08.622,31.221698296666666,,0.336,,0.224,,0.56,,20.983,,4
,,44.90403163,2023-08-04 16:50:09.134,24.22403163,2023-08-04 16:50:08.846,35.12803163,2023-08-04 16:50:09.182,31.093364963333332,,0.336,,0.232,,0.568,,20.68,,4
,,45.48503163,2023-08-04 16:50:09.702,24.18803163,2023-08-04 16:50:09.414,35.26403163,2023-08-04 16:50:09.742,31.362364963333334,,0.328,,0.232,,0.56,,21.297,,4
,,45.28003163,2023-08-04 16:50:10.262,24.30103163,2023-08-04 16:50:09.974,34.67603163,2023-08-04 16:50:10.310,31.174698296666662,,0.336,,0.224,,0.56,,20.979000000000003,,4
,,44.75203163,2023-08-04 16:50:10.822,24.12203163,2023-08-04 16:50:10.534,35.33103163,2023-08-04 16:50:10.870,31.12003163,,0.336,,0.312,,0.568,,20.63,,4
,,45.23903163,2023-08-04 16:50:11.390,24.30403163,2023-08-04 16:50:11.182,35.94303163,2023-08-04 16:50:11.430,31.198364963333333,,0.248,,0.232,,0.56,,20.935,,4
,,45.02503163,2023-08-04 16:50:11.950,24.17803163,2023-08-04 16:50:11.662,35.17203163,2023-08-04 16:50:11.998,31.113031629999995,,0.336,,0.224,,0.56,,20.847,,4
,,45.33603163,2023-08-04 16:50:12.510,24.15703163,2023-08-04 16:50:12.222,35.47303163,2023-08-04 16:50:12.558,31.168698296666665,,0.336,,0.232,,0.568,,21.179,,4
,,45.52903163,2023-08-04 16:50:13.078,24.08503163,2023-08-04 16:50:12.790,36.05803163,2023-08-04 16:50:13.118,31.329698296666663,,0.328,,0.232,,0.56,,21.444,,4
,,45.25203163,2023-08-04 16:50:13.638,24.23003163,2023-08-04 16:50:13.350,36.62803163,2023-08-04 16:50:13.686,31.062698296666664,,0.336,,0.224,,0.56,,21.022,,4
,,45.92403163,2023-08-04 16:50:14.198,23.96803163,2023-08-04 16:50:13.910,35.43603163,2023-08-04 16:50:14.246,,,0.336,,,,,,21.956000000000003,,4
44.958805823548374,24.317160662258065,42.35503163,2023-08-04 16:58:50.534,21.47603163,2023-08-04 16:58:50.334,34.75303163,2023-08-04 16:58:50.590,29.155698296666664,31.261153852222225,0.256,0.2934193548387097,0.32,0.2714666666666667,0.584,105.88235294117648,20.879,20.641645161290317,5
,,47.76503163,2023-08-04 16:58:51.118,22.55603163,2023-08-04 16:58:50.910,35.32003163,2023-08-04 16:58:51.166,31.31703163,,0.256,,0.312,,0.6,,25.209000000000003,,5
,,45.03003163,2023-08-04 16:58:51.718,23.09303163,2023-08-04 16:58:51.478,36.45903163,2023-08-04 16:58:51.734,30.980698296666667,,0.256,,0.232,,0.56,,21.937000000000005,,5
,,43.90103163,2023-08-04 16:58:52.278,23.95603163,2023-08-04 16:58:51.966,37.43003163,2023-08-04 16:58:52.310,30.855031629999996,,0.344,,0.24,,0.56,,19.945,,5
,,44.80303163,2023-08-04 16:58:52.838,24.33203163,2023-08-04 16:58:52.550,37.16003163,2023-08-04 16:58:52.878,31.197698296666665,,0.328,,0.32,,0.568,,20.471,,5
,,44.74503163,2023-08-04 16:58:53.406,24.39503163,2023-08-04 16:58:53.198,36.71503163,2023-08-04 16:58:53.454,30.988364963333332,,0.256,,0.32,,0.568,,20.35,,5
,,45.04903163,2023-08-04 16:58:53.974,24.11003163,2023-08-04 16:58:53.774,36.47803163,2023-08-04 16:58:54.022,31.194364963333335,,0.248,,0.312,,0.568,,20.939,,5
,,44.50603163,2023-08-04 16:58:54.542,24.26703163,2023-08-04 16:58:54.334,37.12803163,2023-08-04 16:58:54.590,30.27003163,,0.256,,0.192,,0.576,,20.239,,5
,,47.70503163,2023-08-04 16:58:55.118,23.15203163,2023-08-04 16:58:54.782,40.09703163,2023-08-04 16:58:55.158,32.04369829666666,,0.376,,0.32,,0.56,,24.553,,5
,,44.03703163,2023-08-04 16:58:55.678,24.21303163,2023-08-04 16:58:55.478,36.67303163,2023-08-04 16:58:55.726,31.019698296666668,,0.248,,0.336,,0.576,,19.824,,5
,,43.82103163,2023-08-04 16:58:56.254,24.51103163,2023-08-04 16:58:56.062,37.42003163,2023-08-04 16:58:56.294,30.915698296666662,,0.232,,0.312,,0.56,,19.31,,5
,,44.17103163,2023-08-04 16:58:56.814,24.46303163,2023-08-04 16:58:56.606,35.10803163,2023-08-04 16:58:56.862,30.98903163,,0.256,,0.32,,0.568,,19.708,,5
,,43.60603163,2023-08-04 16:58:57.382,24.39803163,2023-08-04 16:58:57.182,34.79603163,2023-08-04 16:58:57.430,30.854698296666665,,0.248,,0.312,,0.568,,19.208,,5
,,46.63103163,2023-08-04 16:58:57.950,24.47903163,2023-08-04 16:58:57.742,35.47003163,2023-08-04 16:58:57.998,31.969031629999996,,0.256,,0.312,,0.568,,22.152,,5
,,44.80803163,2023-08-04 16:58:58.518,24.63803163,2023-08-04 16:58:58.310,35.44003163,2023-08-04 16:58:58.558,31.36403163,,0.248,,0.312,,0.56,,20.17,,5
,,45.87603163,2023-08-04 16:58:59.078,24.64203163,2023-08-04 16:58:58.870,35.42403163,2023-08-04 16:58:59.126,31.69203163,,0.256,,0.312,,0.568,,21.234,,5
,,45.19103163,2023-08-04 16:58:59.646,24.60003163,2023-08-04 16:58:59.438,36.22603163,2023-08-04 16:58:59.694,31.53636496333333,,0.256,,0.304,,0.56,,20.591,,5
,,44.65703163,2023-08-04 16:59:00.206,24.70903163,2023-08-04 16:58:59.998,34.88703163,2023-08-04 16:59:00.254,31.323698296666663,,0.256,,0.232,,0.568,,19.948,,5
,,45.25403163,2023-08-04 16:59:00.774,24.65703163,2023-08-04 16:59:00.486,35.11803163,2023-08-04 16:59:00.822,31.58203163,,0.336,,0.232,,0.568,,20.597,,5
,,45.59003163,2023-08-04 16:59:01.342,24.74603163,2023-08-04 16:59:01.054,35.36603163,2023-08-04 16:59:01.382,31.735364963333332,,0.328,,0.232,,0.56,,20.844,,5
,,44.83003163,2023-08-04 16:59:01.902,24.80803163,2023-08-04 16:59:01.614,35.52703163,2023-08-04 16:59:01.950,31.53203163,,0.336,,0.224,,0.568,,20.022,,5
,,45.68903163,2023-08-04 16:59:02.470,24.88303163,2023-08-04 16:59:02.174,35.03203163,2023-08-04 16:59:02.510,31.70836496333333,,0.336,,0.232,,0.56,,20.806,,5
,,45.82203163,2023-08-04 16:59:03.030,24.71803163,2023-08-04 16:59:02.742,35.26103163,2023-08-04 16:59:03.078,31.74203163,,0.336,,0.224,,0.568,,21.104,,5
,,44.02203163,2023-08-04 16:59:03.598,24.70203163,2023-08-04 16:59:03.302,34.21703163,2023-08-04 16:59:03.638,31.256698296666663,,0.336,,0.232,,0.56,,19.32,,5
,,43.82803163,2023-08-04 16:59:04.158,24.87403163,2023-08-04 16:59:03.870,34.62403163,2023-08-04 16:59:04.198,31.066698296666665,,0.328,,0.232,,0.56,,18.954,,5
,,45.33703163,2023-08-04 16:59:04.718,24.68603163,2023-08-04 16:59:04.430,35.13803163,2023-08-04 16:59:04.766,31.616364963333332,,0.336,,0.224,,0.568,,20.651,,5
,,45.35803163,2023-08-04 16:59:05.286,24.75603163,2023-08-04 16:59:04.990,34.95903163,2023-08-04 16:59:05.326,31.669364963333333,,0.336,,0.232,,0.56,,20.602,,5
,,45.31603163,2023-08-04 16:59:05.846,24.82503163,2023-08-04 16:59:05.558,36.03303163,2023-08-04 16:59:05.886,31.59603163,,0.328,,0.224,,0.56,,20.491,,5
,,45.42403163,2023-08-04 16:59:06.406,24.73603163,2023-08-04 16:59:06.110,35.26303163,2023-08-04 16:59:06.454,31.701364963333333,,0.344,,0.224,,0.56,,20.688,,5
,,43.66403163,2023-08-04 16:59:06.966,24.84003163,2023-08-04 16:59:06.678,34.24603163,2023-08-04 16:59:07.014,30.96136496333333,,0.336,,0.312,,0.568,,18.824,,5
,,44.93103163,2023-08-04 16:59:07.534,24.61003163,2023-08-04 16:59:07.326,36.06303163,2023-08-04 16:59:07.574,,,0.248,,,,,,20.321,,5
